{"stats":{"minecraft:killed":{"minecraft:pig":8,"mutationcraft:necroptor":1,"graveyard:reaper":1},"minecraft:dropped":{"minecraft:sweet_berries":24,"minecraft:wheat_seeds":1,"man:cassette_1safetyinstructions":1,"minecraft:rose_bush":2,"minecraft:wooden_pickaxe":1},"minecraft:killed_by":{"man:managgresive":1,"mutationcraft:reductor":1},"minecraft:custom":{"minecraft:interact_with_furnace":2,"minecraft:mob_kills":10,"minecraft:interact_with_crafting_table":4,"minecraft:open_barrel":1,"minecraft:leave_game":2,"minecraft:time_since_death":293,"minecraft:sleep_in_bed":1,"minecraft:time_since_rest":23,"minecraft:sprint_one_cm":120521,"minecraft:damage_taken":819,"minecraft:walk_one_cm":32144,"minecraft:drop":6,"minecraft:damage_dealt":1366,"minecraft:swim_one_cm":7678,"minecraft:talked_to_villager":2,"minecraft:fly_one_cm":140229,"minecraft:open_chest":7,"minecraft:crouch_one_cm":15778,"minecraft:play_time":35952,"minecraft:deaths":2,"minecraft:sneak_time":6920,"minecraft:walk_under_water_one_cm":2865,"minecraft:jump":581,"minecraft:walk_on_water_one_cm":4842,"minecraft:total_world_time":35952,"minecraft:interact_with_smoker":4,"minecraft:fall_one_cm":16846},"minecraft:mined":{"minecraft:smoker":1,"minecraft:crafting_table":3,"minecraft:torch":1,"minecraft:rose_bush":2,"mores:anthracite_ore":6,"minecraft:cobblestone":1,"minecraft:spruce_leaves":1,"biomesoplenty:sprout":2,"minecraft:blue_bed":1,"minecraft:spruce_stairs":2,"minecraft:iron_ore":7,"minecraft:sweet_berry_bush":21,"minecraft:spruce_log":4,"minecraft:enchanting_table":1,"minecraft:grass":7,"minecraft:coal_ore":2,"minecraft:stone":48,"minecraft:oak_leaves":2,"minecraft:deepslate":2},"minecraft:used":{"minecraft:stone_pickaxe":62,"minecraft:spruce_planks":15,"minecraft:wooden_pickaxe":8,"minecraft:blue_bed":1,"minecraft:torch":1,"minecraft:soul_sand":1,"minecraft:crafting_table":2,"minecraft:smoker":1,"minecraft:bread":1,"tombstone:grave_key":2,"minecraft:stone_axe":35,"minecraft:cobblestone":20,"minecraft:sweet_berries":19,"minecraft:cooked_porkchop":4,"minecraft:furnace":1},"minecraft:crafted":{"minecraft:cooked_porkchop":7,"minecraft:crafting_table":1,"minecraft:spruce_planks":32,"minecraft:wooden_pickaxe":1,"minecraft:furnace":2,"minecraft:stone_axe":1,"minecraft:air":0,"minecraft:stick":8,"minecraft:stone_pickaxe":1,"minecraft:torch":4,"minecraft:smoker":1},"minecraft:picked_up":{"minecraft:enchanting_table":1,"minecraft:crafting_table":3,"minecraft:smoker":1,"minecraft:blue_bed":1,"minecraft:wheat_seeds":2,"minecraft:cobbled_deepslate":2,"minecraft:spruce_planks":5,"minecraft:rose_bush":2,"minecraft:soul_sand":1,"minecraft:raw_iron":7,"minecraft:sweet_berries":47,"minecraft:torch":1,"minecraft:spruce_stairs":2,"minecraft:porkchop":20,"minecraft:spruce_log":4,"mores:anthracite":7,"minecraft:bread":1,"minecraft:coal":2,"minecraft:cobblestone":42}},"DataVersion":3120}