{"stats":{"minecraft:killed":{"mutationcraft:assimilated_human":1,"minecraft:spider":1,"mutationcraft:miter":1},"minecraft:dropped":{"minecraft:bread":1,"mores:anthracite":1,"minecraft:torch":1,"minecraft:wooden_pickaxe":1},"minecraft:custom":{"minecraft:time_since_rest":5311,"minecraft:sprint_one_cm":85705,"minecraft:damage_taken":603,"minecraft:walk_one_cm":75216,"minecraft:mob_kills":3,"minecraft:drop":4,"minecraft:damage_dealt":618,"minecraft:talked_to_villager":1,"minecraft:swim_one_cm":7321,"minecraft:interact_with_crafting_table":2,"minecraft:fly_one_cm":117700,"minecraft:open_barrel":1,"minecraft:open_chest":14,"minecraft:crouch_one_cm":14307,"minecraft:play_time":32035,"minecraft:deaths":1,"minecraft:sneak_time":3022,"minecraft:walk_under_water_one_cm":3469,"minecraft:jump":583,"minecraft:interact_with_blast_furnace":2,"minecraft:leave_game":2,"minecraft:walk_on_water_one_cm":4876,"minecraft:time_since_death":5684,"minecraft:sleep_in_bed":1,"minecraft:interact_with_smoker":2,"minecraft:total_world_time":32035,"minecraft:fall_one_cm":23081},"minecraft:mined":{"minecraft:purple_bed":1,"minecraft:red_bed":1,"minecraft:iron_ore":14,"minecraft:crafting_table":1,"minecraft:coal_ore":3,"minecraft:grass_block":1,"minecraft:oak_log":16,"minecraft:dirt":2,"mores:anthracite_ore":1,"biomesoplenty:sprout":2,"minecraft:stone":19,"minecraft:blue_bed":2,"minecraft:spawner":1},"minecraft:used":{"minecraft:rose_bush":1,"minecraft:bread":4,"minecraft:stone_pickaxe":31,"minecraft:oak_planks":9,"farmersdelight:golden_knife":29,"minecraft:iron_helmet":1,"minecraft:wooden_pickaxe":9,"tombstone:grave_key":1,"minecraft:blue_bed":2,"minecraft:torch":6,"minecraft:iron_chestplate":1,"minecraft:dirt":3,"minecraft:sweet_berries":8,"minecraft:purple_bed":1,"minecraft:crafting_table":2,"minecraft:golden_axe":24},"minecraft:crafted":{"minecraft:oak_planks":64,"minecraft:cooked_porkchop":2,"minecraft:crafting_table":1,"minecraft:stick":8,"minecraft:wooden_pickaxe":1,"minecraft:stone_pickaxe":1,"minecraft:torch":16,"minecraft:air":0},"minecraft:broken":{"minecraft:golden_axe":1},"minecraft:picked_up":{"minecraft:raw_iron":14,"minecraft:crafting_table":1,"minecraft:sweet_berries":24,"minecraft:oak_log":16,"minecraft:red_bed":1,"minecraft:spider_eye":1,"minecraft:string":1,"minecraft:dirt":3,"minecraft:blue_bed":2,"minecraft:purple_bed":1,"mores:anthracite":1,"minecraft:rose_bush":1,"minecraft:coal":3,"minecraft:cobblestone":19}},"DataVersion":3120}