{
  "biomesoplenty:biomesoplenty/root": {
    "criteria": {
      "field": "2024-12-08 16:26:22 +0000"
    },
    "done": true
  },
  "farmersdelight:main/root": {
    "criteria": {
      "seeds": "2024-12-08 16:26:20 +0000"
    },
    "done": true
  },
  "betterdungeons:root": {
    "criteria": {
      "always": "2024-12-08 16:26:20 +0000"
    },
    "done": true
  },
  "biomesoplenty:biomesoplenty/all_biomes": {
    "criteria": {
      "field": "2024-12-08 16:26:22 +0000"
    },
    "done": false
  },
  "tombstone:adventure/christmas": {
    "criteria": {
      "coded_trigger": "2024-12-08 16:26:20 +0000"
    },
    "done": true
  },
  "tombstone:adventure/root": {
    "criteria": {
      "auto": "2024-12-08 16:26:22 +0000"
    },
    "done": true
  },
  "DataVersion": 3120
}