{
  "biomesoplenty:biomesoplenty/root": {
    "criteria": {
      "field": "2024-12-08 16:27:02 +0000"
    },
    "done": true
  },
  "farmersdelight:main/root": {
    "criteria": {
      "seeds": "2024-12-08 16:28:00 +0000"
    },
    "done": true
  },
  "betterdungeons:root": {
    "criteria": {
      "always": "2024-12-08 16:27:00 +0000"
    },
    "done": true
  },
  "minecraft:recipes/decorations/chain": {
    "criteria": {
      "has_iron_nugget": "2024-12-08 16:28:01 +0000"
    },
    "done": true
  },
  "farmersdelight:recipes/misc/gold_nugget_from_blasting_knife": {
    "criteria": {
      "has_golden_knife": "2024-12-08 16:28:01 +0000"
    },
    "done": true
  },
  "minecraft:recipes/misc/gold_nugget_from_smelting": {
    "criteria": {
      "has_golden_axe": "2024-12-08 16:28:00 +0000"
    },
    "done": true
  },
  "tombstone:adventure/root": {
    "criteria": {
      "auto": "2024-12-08 16:27:02 +0000"
    },
    "done": true
  },
  "minecraft:recipes/misc/iron_ingot_from_nuggets": {
    "criteria": {
      "has_iron_nugget": "2024-12-08 16:28:01 +0000"
    },
    "done": true
  },
  "farmersdelight:main/craft_knife": {
    "criteria": {
      "golden_knife": "2024-12-08 16:28:01 +0000"
    },
    "done": true
  },
  "biomesoplenty:biomesoplenty/all_biomes": {
    "criteria": {
      "field": "2024-12-08 16:27:02 +0000"
    },
    "done": false
  },
  "tombstone:adventure/christmas": {
    "criteria": {
      "coded_trigger": "2024-12-08 16:27:00 +0000"
    },
    "done": true
  },
  "artifacts:amateur_archaeologist": {
    "criteria": {
      "find_artifact": "2024-12-08 16:28:00 +0000"
    },
    "done": true
  },
  "minecraft:recipes/decorations/lantern": {
    "criteria": {
      "has_iron_nugget": "2024-12-08 16:28:01 +0000"
    },
    "done": true
  },
  "farmersdelight:recipes/misc/gold_nugget_from_smelting_knife": {
    "criteria": {
      "has_golden_knife": "2024-12-08 16:28:01 +0000"
    },
    "done": true
  },
  "minecraft:recipes/misc/gold_nugget_from_blasting": {
    "criteria": {
      "has_golden_axe": "2024-12-08 16:28:00 +0000"
    },
    "done": true
  },
  "DataVersion": 3120
}